Case1,0.41,0,0.02,3,0.4,1.6,10,0.922566161,32.67309203,7.457184566,7.32621336
Case1,0.09,0,0.02,3,0.4,1.5,10,0.971280612,39.68970471,8.909221555,9.034845352
Case1,0.09,0,0.02,3,0.4,2.5,10,0.914943075,29.07833756,6.730610586,7.050909042
Case1,0.07,0,0.02,3,0.4,1.9,10,0.909800966,32.58670827,7.427142619,7.642873764
Case1,0.01,0,0.02,3,0.4,1.3,10,0.566361836,27.15936859,5.998235555,5.991541386
Case1,0.41,0,0.02,3,0.4,1.2,10,0.912127636,31.11147703,7.134423043,7.024261475
Case1,0.05,0,0.02,3,0.4,1.6,10,0.795359424,30.81091345,6.957542113,6.721104145
Case1,0.25,0,0.02,3,0.4,1.3,10,0.956736996,35.28082289,8.012901574,7.584422588
Case1,0.21,0,0.02,3,0.4,1.4,10,0.973361627,38.4065682,8.654675267,7.966060638
Case1,0.34,0,0.02,3,0.4,1.6,10,0.938718307,34.12084711,7.762887728,7.514842987
Case1,0.05,0,0.02,3,0.4,1.7,10,0.789746776,30.43253133,6.876253042,6.650197983
Case1,0.01,0,0.02,3,0.4,1.7,10,0.542468974,26.53958992,5.850386957,5.852987766
Case1,0.03,0,0.02,3,0.4,2.1,10,0.584728777,26.25465388,5.835659554,5.887643814
Case1,0.41,0,0.02,3,0.4,0.7,10,0.887298178,28.30311586,6.547921351,6.514233589
Case1,0.41,0,0.02,3,0.4,1.7,10,0.923533167,32.79430907,7.482394981,7.383678913
Case1,0.11,0,0.02,3,0.4,0.3,10,0.930237974,27.95400225,6.521038424,6.506827354
Case1,0.11,0,0.02,3,0.4,1.5,10,0.987640846,44.04532239,9.796705323,9.470294952
Case1,0.41,0,0.02,3,0.4,1.3,10,0.915538608,31.61734454,7.239007516,7.090528965
Case1,0.27,0,0.02,3,0.4,0.5,10,0.903847986,28.13675247,6.53119848,6.447367668
Case1,0.01,0,0.02,3,0.4,0.7,10,0.584380452,26.53819426,5.892019304,5.943048477
Case1,0.01,0,0.02,3,0.4,2.5,10,0.477579466,24.20898527,5.319376519,5.388573647
Case1,0.05,0,0.02,3,0.4,1.3,10,0.807023559,31.3328167,7.073586899,6.850982666
Case1,0.11,0,0.02,3,0.4,1.7,10,0.982767832,40.15745438,9.014258707,9.95072937
Case1,0.03,0,0.02,3,0.4,0.7,10,0.657469823,27.22427783,6.102325388,6.125133514
Case1,0.15,0,0.02,3,0.4,2.5,10,0.954904184,30.52664424,7.060233031,7.363805294
Case1,0.34,0,0.02,3,0.4,0.7,10,0.901246482,28.84037081,6.669320645,6.580003262
Case1,0.01,0,0.02,3,0.4,1.9,10,0.527493575,26.02214471,5.731922517,5.740908146
Case1,0.19,0,0.02,3,0.4,1.7,10,0.982223121,40.90890876,9.164004873,8.71306324
Case1,0.19,0,0.02,3,0.4,2.1,10,0.971853893,34.9489814,7.961650174,8.189662933
Case1,0.07,0,0.02,3,0.4,1.4,10,0.930494996,35.87808768,8.106112533,8.140320778
Case1,0.09,0,0.02,3,0.4,1.1,10,0.969050562,36.47086827,8.263224216,8.056559563
Case1,0.27,0,0.02,3,0.4,1.6,10,0.957866032,36.36651548,8.231169128,7.831293583
Case1,0.41,0,0.02,3,0.4,0.5,10,0.874531725,27.23397498,6.32132672,6.306232452
Case1,0.03,0,0.02,3,0.4,1.1,10,0.649875788,28.07483003,6.264841794,6.245645523
Case1,0.17,0,0.02,3,0.4,0.3,10,0.917423485,27.60119136,6.437661757,6.396018505
Case1,0.25,0,0.02,3,0.4,1.4,10,0.960006704,36.19267571,8.198541846,7.712012768
Case1,0.07,0,0.02,3,0.4,1.5,10,0.928403274,35.62406479,8.053216232,8.159850121
Case1,0.27,0,0.02,3,0.4,1.3,10,0.950498643,34.58529342,7.867557327,7.485029221
Case1,0.13,0,0.02,3,0.4,1.9,10,0.984144421,37.58799575,8.501743572,9.418575287
Case1,0.17,0,0.02,3,0.4,1.7,10,0.987496907,42.44401866,9.476300638,9.039919853
Case1,0.19,0,0.02,3,0.4,0.7,10,0.945067827,30.57109935,7.059287697,6.852042198
Case1,0.05,0,0.02,3,0.4,0.3,10,0.794713329,27.01536145,6.197785619,6.293990612
Case1,0.07,0,0.02,3,0.4,0.9,10,0.927267651,32.76581474,7.480430599,7.416312218
Case1,0.34,0,0.02,3,0.4,1.4,10,0.934449777,33.37660926,7.60977163,7.349247456
Case1,0.25,0,0.02,3,0.4,1.5,10,0.962534681,36.91287311,8.345109302,7.8359375
Case1,0.19,0,0.02,3,0.4,2.5,10,0.953149979,30.86612366,7.126374712,7.378598213
Case1,0.09,0,0.02,3,0.4,1.6,10,0.968733429,38.72275195,8.713283818,9.134346008
Case1,0.09,0,0.02,3,0.4,1.2,10,0.970967638,37.91415024,8.553797685,8.331822395
Case1,0.17,0,0.02,3,0.4,2.3,10,0.966050432,32.5895879,7.483968012,7.790791988
Case1,0.15,0,0.02,3,0.4,1.6,10,0.993162524,47.02360943,10.39788441,9.285469055
Case1,0.27,0,0.02,3,0.4,0.9,10,0.931665937,31.0877927,7.149224477,6.938457966
Case1,0.09,0,0.02,3,0.4,2.3,10,0.929762768,30.59250593,7.048263953,7.360494614
Case1,0.17,0,0.02,3,0.4,1.3,10,0.983710767,39.76551688,8.936814144,8.119325638
Case1,0.05,0,0.02,3,0.4,2.5,10,0.727876943,26.58896943,6.045670828,6.07366848
Case1,0.03,0,0.02,3,0.4,1.9,10,0.601937471,26.91003074,5.983943619,6.015246868
Case1,0.15,0,0.02,3,0.4,0.5,10,0.943670042,29.29059498,6.801789037,6.648644447
Case1,0.07,0,0.02,3,0.4,0.3,10,0.896557026,27.80771359,6.458099745,6.551569939
Case1,0.07,0,0.02,3,0.4,1.7,10,0.920762152,34.30495971,7.781754093,8.020153999
Case1,0.13796,0,0.02,3,0.4,1.51505,10,1,60.00 ,13,9.196302414
Case1,0.15,0,0.02,3,0.4,1.2,10,0.98631566,38.79372371,8.745060402,8.013951302
Case1,0.25,0,0.02,3,0.4,1.6,10,0.963969489,37.29692441,8.423354371,7.956924915
Case1,0.21,0,0.02,3,0.4,0.3,10,0.903616634,27.30557911,6.364732455,6.342693329
Case1,0.05,0,0.02,3,0.4,0.9,10,0.811411353,30.27098884,6.865609121,6.760252476
Case1,0.23,0,0.02,3,0.4,0.9,10,0.944221895,31.78683636,7.301589166,7.027101994
Case1,0.01,0,0.02,3,0.4,1.4,10,0.561267435,27.07326172,5.975919778,5.970916271
Case1,0.27,0,0.02,3,0.4,2.3,10,0.946328857,32.35494532,7.41731792,7.520073414
Case1,0.13,0,0.02,3,0.4,1.4,10,0.993663829,46.35904624,10.26547308,8.862381935
Case1,0.41,0,0.02,3,0.4,1.1,10,0.908213339,30.56689846,7.021593031,6.925413609
Case1,0.27,0,0.02,3,0.4,1.7,10,0.958245832,36.38577228,8.235400289,7.912290573
Case1,0.21,0,0.02,3,0.4,1.7,10,0.976397386,39.48635286,8.873667958,8.416894913
Case1,0.53,0,0.02,3,0.4,2.3,10,0.896682069,30.23315096,6.94331226,7.083789825
Case1,0.03,0,0.02,3,0.4,2.5,10,0.548300547,24.89304878,5.526910304,5.650952816
Case1,0.53,0,0.02,3,0.4,1.5,10,0.899805086,30.88776888,7.077358861,7.08984375
Case1,0.11,0,0.02,3,0.4,0.7,10,0.962568803,31.50595554,7.263759911,7.098606586
Case1,0.21,0,0.02,3,0.4,1.5,10,0.975710466,39.44208067,8.864126601,8.150364876
Case1,0.13,0,0.02,3,0.4,0.9,10,0.97613128,33.86672842,7.749476964,7.394322395
Case1,0.07,0,0.02,3,0.4,1.2,10,0.931677149,35.28946031,7.989569211,7.955629349
Case1,0.53,0,0.02,3,0.4,1.7,10,0.902330456,31.2117239,7.144675236,7.204478741
Case1,0.49,0,0.02,3,0.4,0.7,10,0.87491856,27.8290757,6.4407337,6.447480202
Case1,0.15,0,0.02,3,0.4,1.4,10,0.992050564,44.78567702,9.949185969,8.584457397
Case1,0.23,0,0.02,3,0.4,2.1,10,0.962596062,34.56534635,7.875665333,7.976196289
Case1,0.19,0,0.02,3,0.4,1.3,10,0.977051688,38.30590256,8.638232201,7.941812515
Case1,0.11,0,0.02,3,0.4,1.2,10,0.984341185,39.26182023,8.836705231,8.298046112
Case1,0.17,0,0.02,3,0.4,1.1,10,0.975959162,35.92238929,8.16043702,7.63592577
Case1,0.13,0,0.02,3,0.4,1.3,10,0.991722293,42.4978201,9.491286313,8.489149094
Case1,0.07,0,0.02,3,0.4,0.5,10,0.910337196,29.26966147,6.76426949,6.774996758
Case1,0.21,0,0.02,3,0.4,1.1,10,0.961917658,34.46347558,7.854612774,7.436719894
Case1,0.25,0,0.02,3,0.4,1.9,10,0.962158472,36.08610529,8.17937953,8.032790184
Case1,0.03,0,0.02,3,0.4,0.5,10,0.65627667,26.54112089,5.964500849,6.040103912
Case1,0.09,0,0.02,3,0.4,0.9,10,0.962800131,33.73291936,7.709384003,7.559012413
Case1,0.53,0,0.02,3,0.4,1.6,10,0.901374018,31.09202754,7.119779526,7.159106731
Case1,0.19,0,0.02,3,0.4,1.5,10,0.982254552,41.3326824,9.248791033,8.38169384
Case1,0.27,0,0.02,3,0.4,1.4,10,0.953758622,35.38016224,8.02979107,7.607176781
Case1,0.34,0,0.02,3,0.4,2.5,10,0.924072314,30.54767427,7.033607167,7.171120167
Case1,0.25,0,0.02,3,0.4,1.7,10,0.964168472,37.25358055,8.414884583,8.053229332
Case1,0.05,0,0.02,3,0.4,0.5,10,0.803776514,28.1293012,6.429636754,6.450906754
Case1,0.13,0,0.02,3,0.4,0.5,10,0.948580425,29.45753382,6.84008719,6.698525906
Case1,0.23,0,0.02,3,0.4,1.1,10,0.954962384,33.84374084,7.723710552,7.3385396
Case1,0.27,0,0.02,3,0.4,2.1,10,0.952477333,33.97693924,7.747865182,7.746325493
Case1,0.09,0,0.02,3,0.4,1.9,10,0.955327086,34.69868289,7.895063664,8.499060631
Case1,0.49,0,0.02,3,0.4,1.5,10,0.906224818,31.33475436,7.17317569,7.134975433
Case1,0.03,0,0.02,3,0.4,1.7,10,0.617683179,27.48638621,6.114960422,6.128648758
Case1,0.49,0,0.02,3,0.4,1.2,10,0.89816661,30.24542981,6.947252572,6.928488731
Case1,0.01,0,0.02,3,0.4,1.1,10,0.574881068,27.16769898,6.008420865,6.005327225
Case1,0.07,0,0.02,3,0.4,0.7,10,0.920489808,30.93377042,7.107243893,7.09584713
Case1,0.34,0,0.02,3,0.4,1.5,10,0.936992951,33.82765413,7.702523776,7.4365201
Case1,0.23,0,0.02,3,0.4,1.5,10,0.968995107,38.02000073,8.572995254,7.966780663
Case1,0.21,0,0.02,3,0.4,2.3,10,0.959849431,32.68101022,7.496051475,7.689451694
Case1,0.17,0,0.02,3,0.4,0.5,10,0.936400992,29.0857876,6.753558511,6.61012125
Case1,0.17,0,0.02,3,0.4,1.2,10,0.980167225,37.69655522,8.519478269,7.879649162
Case1,0.13,0,0.02,3,0.4,2.1,10,0.974587106,34.32834528,7.840256162,8.366624832
Case1,0.25,0,0.02,3,0.4,0.7,10,0.924635824,29.75396959,6.875429743,6.71862793
Case1,0.34,0,0.02,3,0.4,1.1,10,0.923463373,31.50750716,7.224964806,7.046875
Case1,0.03,0,0.02,3,0.4,0.3,10,0.651069723,25.77557989,5.8061857,5.962760448
Case1,0.07,0,0.02,3,0.4,2.3,10,0.882186889,29.45350065,6.77288702,6.944544315
Case1,0.21,0,0.02,3,0.4,1.3,10,0.970202372,37.09880421,8.389963214,7.796015263
Case1,0.17,0,0.02,3,0.4,1.9,10,0.982724508,38.1877681,8.620278127,8.911315918
Case1,0.05,0,0.02,3,0.4,1.5,10,0.800123607,31.10232347,7.020588301,6.780620575
Case1,0.13,0,0.02,3,0.4,1.7,10,0.991214199,42.75083836,9.541381871,9.997719765
Case1,0.11,0,0.02,3,0.4,1.1,10,0.981498438,37.22089385,8.425677208,7.992908955
Case1,0.09,0,0.02,3,0.4,1.7,10,0.965052858,37.39339659,8.443732176,9.082867622
Case1,0.05,0,0.02,3,0.4,1.4,10,0.803992469,31.2819854,7.06038955,6.824690819
Case1,0.23,0,0.02,3,0.4,0.3,10,0.897351182,27.16695842,6.330742866,6.318943501
Case1,0.41,0,0.02,3,0.4,1.5,10,0.920853163,32.42295079,7.405443321,7.250204086
Case1,0.53,0,0.02,3,0.4,2.5,10,0.891617983,29.50776073,6.793170129,6.995740414
Case1,0.53,0,0.02,3,0.4,0.7,10,0.869567795,27.6201451,6.393596815,6.426650524
Case1,0.25,0,0.02,3,0.4,0.9,10,0.937708996,31.41771177,7.22125135,6.982863426
Case1,0.34,0,0.02,3,0.4,0.5,10,0.887440496,27.63694945,6.414830387,6.365721703
Case1,0.13,0,0.02,3,0.4,0.7,10,0.964019957,31.39521262,7.243062482,7.029511452
Case1,0.05,0,0.02,3,0.4,1.2,10,0.809224223,31.24607757,7.058439737,6.858634472
Case1,0.17,0,0.02,3,0.4,0.9,10,0.965528845,33.07602049,7.580732943,7.226864338
Case1,0.13,0,0.02,3,0.4,0.3,10,0.929792069,27.87310512,6.504413093,6.462829113
Case1,0.09,0,0.02,3,0.4,0.7,10,0.953540546,31.4400398,7.241548507,7.160007
Case1,0.15,0,0.02,3,0.4,1.1,10,0.982353129,36.69959697,8.322272524,7.742534161
Case1,0.23,0,0.02,3,0.4,2.3,10,0.955502888,32.61396272,7.478295432,7.646018028
Case1,0.49,0,0.02,3,0.4,0.5,10,0.863102159,26.87009888,6.237121935,6.261143208
Case1,0.41,0,0.02,3,0.4,2.3,10,0.916412697,31.13239876,7.142892448,7.225892067
Case1,0.13,0,0.02,3,0.4,1.5,10,0.994882643,49.51534003,10.89795065,9.321353912
Case1,0.13,0,0.02,3,0.4,1.2,10,0.988938609,39.53605597,8.896149803,8.163258553
Case1,0.17,0,0.02,3,0.4,2.1,10,0.9753146,34.97019047,7.969352693,8.337628365
Case1,0.41,0,0.02,3,0.4,0.3,10,0.859466484,26.23870562,6.107207608,6.177451611
Case1,0.23,0,0.02,3,0.4,0.7,10,0.9310391,30.01044236,6.933127573,6.758620262
Case1,0.34,0,0.02,3,0.4,2.1,10,0.935659598,32.92618151,7.5208959,7.497330666
Case1,0.34,0,0.02,3,0.4,1.3,10,0.931321436,32.81343528,7.494008493,7.246710777
Case1,0.01,0,0.02,3,0.4,0.5,10,0.58449396,25.97352559,5.779199077,5.886087894
Case1,0.53,0,0.02,3,0.4,1.4,10,0.897688151,30.60938629,7.019565409,7.030066967
Case1,0.23,0,0.02,3,0.4,1.9,10,0.967715369,36.67865689,8.303446748,8.20953846
Case1,0.11,0,0.02,3,0.4,1.3,10,0.986366629,41.54918605,9.296203838,8.641774178
Case1,0.15,0,0.02,3,0.4,0.7,10,0.959571221,31.16254923,7.192081067,6.959129333
Case1,0.01,0,0.02,3,0.4,1.2,10,0.570917203,27.19182974,6.00928315,6.002662182
Case1,0.21,0,0.02,3,0.4,0.5,10,0.922091266,28.67631473,6.657354211,6.54139185
Case1,0.17,0,0.02,3,0.4,2.5,10,0.954911144,30.73935192,7.102781528,7.390091896
Case1,0.05,0,0.02,3,0.4,1.1,10,0.810696473,31.02812824,7.01632212,6.84644556
Case1,0.53,0,0.02,3,0.4,1.3,10,0.895100713,30.26983508,6.949067729,6.967637539
Case1,0.34,0,0.02,3,0.4,0.9,10,0.91345853,30.14591838,6.942642206,6.797301769
Case1,0.01,0,0.02,3,0.4,0.9,10,0.581000758,26.95214274,5.971429306,5.984043121
Case1,0.53,0,0.02,3,0.4,0.5,10,0.85817761,26.70760635,6.199698879,6.243274689
Case1,0.27,0,0.02,3,0.4,2.5,10,0.938563257,30.8655899,7.111681237,7.287644863
Case1,0.53,0,0.02,3,0.4,0.3,10,0.844601085,25.83478144,6.011557372,6.128539085
Case1,0.49,0,0.02,3,0.4,1.3,10,0.901328313,30.66573098,7.034474509,7.015049458
Case1,0.17,0,0.02,3,0.4,1.6,10,0.988601306,44.17842234,9.824285773,8.870958328
Case1,0.49,0,0.02,3,0.4,1.4,10,0.904026862,31.0341489,7.110856641,7.072898865
Case1,0.17,0,0.02,3,0.4,1.4,10,0.986510936,42.0616261,9.398836157,8.365105629
Case1,0.25,0,0.02,3,0.4,2.1,10,0.957573998,34.2893777,7.815449538,7.84375
Case1,0.03,0,0.02,3,0.4,1.3,10,0.641850362,28.12726393,6.267303147,6.252165318
Case1,0.23,0,0.02,3,0.4,2.5,10,0.946665021,30.94717887,7.136100796,7.356433868
Case1,0.09,0,0.02,3,0.4,0.3,10,0.92427083,27.9705243,6.518375689,6.548913479
Case1,0.03,0,0.02,3,0.4,1.5,10,0.631131286,27.91561357,6.214254001,6.211794853
Case1,0.05,0,0.02,3,0.4,1.9,10,0.7765034,29.51448844,6.679401087,6.489370823
Case1,0.53,0,0.02,3,0.4,1.2,10,0.892053747,29.88180268,6.868414283,6.887963295
Case1,0.03,0,0.02,3,0.4,2.3,10,0.566671606,25.57104187,5.68087998,5.764448643
Case1,0.11,0,0.02,3,0.4,0.9,10,0.973506146,33.96797477,7.767101101,7.496986866
Case1,0.27,0,0.02,3,0.4,1.9,10,0.956624988,35.50710872,8.058046732,7.915677547
Case1,0.23,0,0.02,3,0.4,0.5,10,0.915490446,28.48541507,6.61257346,6.50550127
Case1,0.49,0,0.02,3,0.4,2.1,10,0.906709957,31.19325237,7.145360432,7.212516785
Case1,0.17,0,0.02,3,0.4,1.5,10,0.98848419,44.02492891,9.793469971,8.626501083
Case1,0.25,0,0.02,3,0.4,2.3,10,0.951010262,32.50617133,7.452244528,7.56914711
Case1,0.23,0,0.02,3,0.4,1.3,10,0.963323307,36.10707801,8.18473891,7.679152012
Case1,0.41,0,0.02,3,0.4,1.4,10,0.918476862,32.06319713,7.331116287,7.172830105
Case1,0.34,0,0.02,3,0.4,2.3,10,0.930607401,31.75096233,7.280799867,7.342339516
Case1,0.21,0,0.02,3,0.4,1.6,10,0.97668882,39.8591872,8.94852626,8.294514656
Case1,0.34,0,0.02,3,0.4,0.3,10,0.871272966,26.54145942,6.17956485,6.219167233
Case1,0.13,0,0.02,3,0.4,1.1,10,0.985397186,37.24846202,8.43508959,7.860974789
Case1,0.19,0,0.02,3,0.4,1.1,10,0.968954481,35.16062826,8.001080133,7.534141541
Case1,0.27,0,0.02,3,0.4,1.5,10,0.956316934,36.00839715,8.157996364,7.721137047
Case1,0.19,0,0.02,3,0.4,0.5,10,0.929103779,28.87926579,6.704956937,6.574895859
Case1,0.25,0,0.02,3,0.4,0.5,10,0.909386125,28.30261131,6.569908388,6.472259521
Case1,0.49,0,0.02,3,0.4,0.9,10,0.885618229,28.81769775,6.649157778,6.634758949
Case1,0.19,0,0.02,3,0.4,2.3,10,0.963429913,32.67711364,7.498852642,7.741123676
Case1,0.07,0,0.02,3,0.4,1.3,10,0.931526175,35.75769772,8.08306572,8.076830864
Case1,0.05,0,0.02,3,0.4,2.3,10,0.74495485,27.52225135,6.249405121,6.192107201
Case1,0.01,0,0.02,3,0.4,1.6,10,0.549277204,26.75665231,5.900607666,5.901242256
Case1,0.21,0,0.02,3,0.4,2.1,10,0.967562948,34.80278691,7.92812033,8.066159248
Case1,0.15,0,0.02,3,0.4,1.3,10,0.989575524,41.43397001,9.276369525,8.278511047
Case1,0.07,0,0.02,3,0.4,1.1,10,0.930984141,34.5639724,7.84377862,7.786469936
Case1,0.34,0,0.02,3,0.4,1.2,10,0.927635764,32.1788432,7.363404403,7.151663303
Case1,0.41,0,0.02,3,0.4,2.1,10,0.92074315,32.01381284,7.323505717,7.343218327
Case1,0.23,0,0.02,3,0.4,1.6,10,0.970230469,38.4241467,8.655059808,8.107432365
Case1,0.53,0,0.02,3,0.4,0.9,10,0.879881598,28.55240404,6.590362406,6.61576128
Case1,0.11,0,0.02,3,0.4,1.4,10,0.987507702,43.59176187,9.705860075,9.01661396
Case1,0.05,0,0.02,3,0.4,2.1,10,0.761336197,28.51237055,6.463810306,6.333065033
Case1,0.15,0,0.02,3,0.4,2.3,10,0.966963965,32.37888707,7.442741379,7.769377232
Case1,0.03,0,0.02,3,0.4,1.6,10,0.624729616,27.72398813,6.169527243,6.174179554
Case1,0.41,0,0.02,3,0.4,0.9,10,0.89879285,29.43148632,6.785090114,6.707989216
Case1,0.13,0,0.02,3,0.4,2.5,10,0.950260056,30.19839769,6.989939593,7.308054447
Case1,0.19,0,0.02,3,0.4,1.4,10,0.980072292,39.98177023,8.976426337,8.151315689
Case1,0.25,0,0.02,3,0.4,0.3,10,0.891596165,27.03304492,6.298205149,6.298528194
Case1,0.09,0,0.02,3,0.4,1.3,10,0.972056443,39.1728465,8.806625744,8.584724426
Case1,0.15,0,0.02,3,0.4,2.1,10,0.977199772,34.79407986,7.936015743,8.410642624
Case1,0.49,0,0.02,3,0.4,1.1,10,0.894526237,29.78921311,6.852368859,6.826211929
Case1,0.03,0,0.02,3,0.4,1.4,10,0.636834911,28.05233157,6.247301226,6.238236427
Case1,0.49,0,0.02,3,0.4,1.7,10,0.908830993,31.67485368,7.243801729,7.252820015
Case1,0.03,0,0.02,3,0.4,0.9,10,0.655180118,27.75847692,6.206875502,6.199055195
Case1,0.07,0,0.02,3,0.4,1.6,10,0.925101957,35.06219642,7.937541241,8.114577293
Case1,0.23,0,0.02,3,0.4,1.4,10,0.966553665,37.177794,8.402112465,7.821125507
Case1,0.34,0,0.02,3,0.4,1.7,10,0.939547941,34.22473464,7.784494869,7.576060295
Case1,0.53,0,0.02,3,0.4,1.1,10,0.888504103,29.45859732,6.780223566,6.795811653
Case1,0.49,0,0.02,3,0.4,2.5,10,0.897621103,29.72466509,6.842554122,7.01946497
Case1,0.49,0,0.02,3,0.4,1.6,10,0.90784795,31.55291279,7.218430509,7.197930813
Case1,0.07,0,0.02,3,0.4,2.1,10,0.896718263,30.92721313,7.082160889,7.253979206
Case1,0.03,0,0.02,3,0.4,1.2,10,0.646193169,28.13522478,6.273238124,6.255840302
Case1,0.21,0,0.02,3,0.4,0.9,10,0.951150949,32.18666914,7.388484777,7.090444088
Case1,0.19,0,0.02,3,0.4,1.2,10,0.973318347,36.66103706,8.305525759,7.742956638
Case1,0.25,0,0.02,3,0.4,1.1,10,0.948374317,33.29410972,7.60719626,7.269972324
Case1,0.19,0,0.02,3,0.4,0.9,10,0.958294737,32.62143909,7.482582556,7.156614304
Case1,0.25,0,0.02,3,0.4,1.2,10,0.952851182,34.29044731,7.810940644,7.435511112
Case1,0.27,0,0.02,3,0.4,0.7,10,0.918771229,29.52281603,6.823334435,6.687888622
Case1,0.05,0,0.02,3,0.4,0.7,10,0.809113993,29.24857805,6.658829603,6.621422768
Case1,0.01,0,0.02,3,0.4,1.5,10,0.555555788,26.93686,5.942927788,5.941252708
Case1,0.25,0,0.02,3,0.4,2.5,10,0.942763578,30.92651855,7.128067288,7.309807301
Case1,0.41,0,0.02,3,0.4,1.9,10,0.923272512,32.62943236,7.449158983,7.390678406
Case1,0.09,0,0.02,3,0.4,2.1,10,0.943352315,32.4327902,7.429910355,7.848836899
Case1,0.19,0,0.02,3,0.4,1.6,10,0.982871446,41.71409904,9.325691253,8.574541092
Case1,0.11,0,0.02,3,0.4,2.5,10,0.93712813,29.70689719,6.878507569,7.214909077
Case1,0.27,0,0.02,3,0.4,1.1,10,0.942218767,32.81416972,7.505052711,7.212334156
Case1,0.21,0,0.02,3,0.4,0.7,10,0.937885444,30.28112425,6.994110294,6.806884289
Case1,0.15,0,0.02,3,0.4,1.9,10,0.985623638,38.19180171,8.623983979,9.206488609
Case1,0.01,0,0.02,3,0.4,2.1,10,0.511303568,25.43646254,5.598596076,5.617511749
Case1,0.49,0,0.02,3,0.4,2.3,10,0.902837399,30.52247912,7.007333222,7.125784874
Case1,0.11,0,0.02,3,0.4,1.6,10,0.985759859,42.40667707,9.467095273,9.825220108
Case1,0.19,0,0.02,3,0.4,1.9,10,0.978373329,37.8226039,8.54289411,8.622449875
Case1,0.15,0,0.02,3,0.4,0.3,10,0.924602655,27.74936169,6.474474992,6.426095009
Case1,0.21,0,0.02,3,0.4,1.2,10,0.966356379,35.74879602,8.116115583,7.616278648
Case1,0.53,0,0.02,3,0.4,1.9,10,0.902421105,31.18275261,7.138971626,7.217998981
Case1,0.27,0,0.02,3,0.4,0.3,10,0.886429171,26.91168148,6.268765468,6.27989912
Case1,0.21,0,0.02,3,0.4,1.9,10,0.973310845,37.28735856,8.430782557,8.373714447
Case1,0.15,0,0.02,3,0.4,1.7,10,0.991486106,43.526298,9.696745705,9.49146843
Case1,0.11,0,0.02,3,0.4,2.1,10,0.963570221,33.50291491,7.664153203,8.183826447
Case1,0.01,0,0.02,3,0.4,0.3,10,0.580856041,25.31256153,5.643368346,5.829712868
Case1,0.13,0,0.02,3,0.4,2.3,10,0.963271457,31.9962519,7.362521836,7.71071434
Case1,0.15,0,0.02,3,0.4,0.9,10,0.972331087,33.52581705,7.677494496,7.305192947
Case1,0.41,0,0.02,3,0.4,2.5,10,0.910655301,30.15373184,6.941401669,7.092749119
Case1,0.09,0,0.02,3,0.4,1.4,10,0.972234297,39.87276194,8.946786686,8.834804535
Case1,0.53,0,0.02,3,0.4,2.1,10,0.90038213,30.82612688,7.065607506,7.17306757
Case1,0.01,0,0.02,3,0.4,2.3,10,0.49450528,24.82246428,5.458998136,5.497519493
Case1,0.11,0,0.02,3,0.4,1.9,10,0.974347523,36.30480765,8.235309054,9.138583183
Case1,0.49,0,0.02,3,0.4,1.9,10,0.908850686,31.61510217,7.231871121,7.276414871
Case1,0.23,0,0.02,3,0.4,1.2,10,0.959428762,34.96569014,7.952566789,7.523156643
Case1,0.13,0,0.02,3,0.4,1.6,10,0.993526646,46.58576184,10.31067901,9.743369102
Case1,0.23,0,0.02,3,0.4,1.7,10,0.97020912,38.26493647,8.623196413,8.223397255
Case1,0.11,0,0.02,3,0.4,2.3,10,0.951092246,31.38427428,7.227947103,7.574591637
Case1,0.15,0,0.02,3,0.4,1.5,10,0.993792843,48.10780646,10.61535414,8.939630508
Case1,0.07,0,0.02,3,0.4,2.5,10,0.866696937,28.17157733,6.501012402,6.714609146
Case1,0.49,0,0.02,3,0.4,0.3,10,0.849061049,25.96032957,6.041126962,6.14250946
Case1,0.21,0,0.02,3,0.4,2.5,10,0.950342859,30.93408794,7.137160448,7.372381687
Case1,0.19,0,0.02,3,0.4,0.3,10,0.910338734,27.45196378,6.400731489,6.36809206
Case1,0.34,0,0.02,3,0.4,1.9,10,0.938790019,33.85664391,7.710118801,7.579874992
Case1,0.11,0,0.02,3,0.4,0.5,10,0.948115325,29.55459371,6.859034067,6.746346474
Case1,0.27,0,0.02,3,0.4,1.2,10,0.94662114,33.70869533,7.688360207,7.360578537
Case1,0.09,0,0.02,3,0.4,0.5,10,0.940670651,29.54930823,6.850532296,6.795785904
Case1,0.17,0,0.02,3,0.4,0.7,10,0.952433013,30.86882086,7.126197186,6.909543991
